EASOC,EA043,EA001,EA002,EAHG,EA_ord_val
!Kung,Bilateral,80.5,20.5,100,3
Herero,Bilateral,10.5,30.5,41,2
Duruma,Bilateral,2.5,10.5,13,1
Giriama,Patrilineal,2.5,10.5,13,1
Pokomo,Patrilineal,2.5,10.5,13,1
Copper Inuit,Bilateral,2.5,40.5,43,2
Iglulik Inuit,Bilateral,2.5,50.5,53,2
Nabesna,Matrilineal,20.5,60.5,81,3
Chugach,Bilateral,2.5,20.5,23,1
Sivokakmeit,Bilateral,2.5,20.5,23,1
Nunamiut,Bilateral,10.5,70.5,81,3
Kamba,Patrilineal,2.5,10.5,13,1
Baffin Island Inuit,Bilateral,2.5,20.5,23,1
Inughuit,Bilateral,10.5,40.5,51,2
Tlicho,Bilateral,20.5,30.5,51,2
Délįne,Bilateral,10.5,40.5,51,2
DeneTha,Bilateral,10.5,50.5,61,2
Dakelh,Matrilineal,20.5,40.5,61,2
Tareumiut,Bilateral,2.5,30.5,33,1
Kutchin,Matrilineal,10.5,40.5,51,2
Caribou Inuit,Bilateral,10.5,50.5,61,2
Labrador Inuit,Bilateral,2.5,40.5,43,2
Meru,Patrilineal,2.5,10.5,13,1
Tasiilaq,Bilateral,2.5,20.5,23,1
Kalaallit,Bilateral,10.5,20.5,31,1
Dena'ina,Matrilineal,10.5,40.5,51,2
Tahltan,Matrilineal,10.5,50.5,61,2
Sekani,Bilateral,10.5,50.5,61,2
Beaver,Bilateral,30.5,50.5,81,3
Dene,Bilateral,2.5,60.5,63,2
Eastern Cree,Bilateral,20.5,50.5,71,3
Montagnais,Bilateral,20.5,60.5,81,3
Northern Saulteaux,Patrilineal,20.5,40.5,61,2
Pare,Patrilineal,2.5,2.5,5,1
Pekangekum,Bilateral,20.5,40.5,61,2
Nipigon,Patrilineal,20.5,50.5,71,3
Minnesota Ojibwa,Patrilineal,20.5,20.5,41,2
Rainy River Ojibwe,Patrilineal,30.5,40.5,71,3
Katikitegon,Patrilineal,30.5,30.5,61,2
Eastern Ojibwa,Patrilineal,30.5,30.5,61,2
Kaska,Matrilineal,10.5,40.5,51,2
Ottawa,Patrilineal,10.5,40.5,51,2
Mi'kmaq,Bilateral,10.5,50.5,61,2
Potawatomi,Patrilineal,10.5,50.5,61,2
Teita,Patrilineal,2.5,10.5,13,1
Netsilik,Bilateral,2.5,40.5,43,2
Taqagmiut,Bilateral,2.5,60.5,63,2
Mistissini Cree,Bilateral,10.5,60.5,71,3
Naskapi,Bilateral,10.5,70.5,81,3
Deg Xit'an,Bilateral,10.5,40.5,51,2
Haida,Matrilineal,20.5,20.5,41,2
Alkatcho,Bilateral,10.5,40.5,51,2
Kara,Patrilineal,2.5,2.5,5,1
Nuu chah nulth,Bilateral,20.5,20.5,41,2
Klahoose,Bilateral,20.5,30.5,51,2
Squamish,Bilateral,20.5,30.5,51,2
Comox,Bilateral,20.5,30.5,51,2
Lummi,Bilateral,30.5,20.5,51,2
Klallam,Bilateral,10.5,30.5,41,2
Puyallup,Bilateral,30.5,20.5,51,2
Quileute,Bilateral,10.5,30.5,41,2
Lower Chinook,Bilateral,20.5,20.5,41,2
Twana,Bilateral,10.5,30.5,41,2
Sonjo,Patrilineal,2.5,2.5,5,1
Tillamook,Bilateral,20.5,30.5,51,2
Coos,Bilateral,10.5,30.5,41,2
Tlingit,Matrilineal,10.5,30.5,41,2
Heiltsuk,Bilateral,20.5,30.5,51,2
Makah,Bilateral,20.5,20.5,41,2
Quinault,Bilateral,20.5,30.5,51,2
Cowichan,Bilateral,20.5,30.5,51,2
Stó:lō,Bilateral,30.5,30.5,61,2
Alsea,Bilateral,10.5,20.5,31,1
Siuslaw,Bilateral,10.5,30.5,41,2
Kikuyu,Patrilineal,2.5,2.5,5,1
Kwakwaka'wakw,Bilateral,30.5,20.5,51,2
Takelma,Bilateral,40.5,30.5,71,3
Tututni,Patrilineal,30.5,20.5,51,2
Shasta,Bilateral,40.5,30.5,71,3
Chimariko,Bilateral,40.5,30.5,71,3
Karuk,Bilateral,40.5,10.5,51,2
Hupa,Bilateral,40.5,10.5,51,2
Wiyot,Bilateral,40.5,10.5,51,2
Lassik,Bilateral,30.5,30.5,61,2
Mattole-Bear River,Bilateral,30.5,40.5,71,3
Pondo,Patrilineal,2.5,2.5,5,1
Tiriki,Patrilineal,2.5,2.5,5,1
Sinkyone,Bilateral,40.5,30.5,71,3
Yurok,Bilateral,40.5,10.5,51,2
Eyak,Matrilineal,20.5,30.5,51,2
Tolowa,Patrilineal,40.5,20.5,61,2
Tsimshian,Matrilineal,20.5,20.5,41,2
Haisla,Matrilineal,20.5,30.5,51,2
Nuxalk,Bilateral,20.5,20.5,41,2
Nomlaki,Patrilineal,60.5,30.5,91,3
Achumawi,Bilateral,30.5,40.5,71,3
Yana,Bilateral,50.5,20.5,71,3
Vugusu,Patrilineal,2.5,2.5,5,1
Maidu,Bilateral,50.5,30.5,81,3
Nisenan,Bilateral,50.5,30.5,81,3
Wintu,Bilateral,30.5,30.5,61,2
Coast Yuki,Bilateral,40.5,20.5,61,2
Huchnom,Bilateral,40.5,30.5,71,3
Northern Pomo,Bilateral,50.5,30.5,81,3
Eastern Pomo,Bilateral,40.5,30.5,71,3
Southern Pomo,Bilateral,40.5,30.5,71,3
Tübalulabal,Bilateral,50.5,30.5,81,3
Wappo,Bilateral,50.5,30.5,81,3
Haya,Patrilineal,2.5,2.5,5,1
Lake Miwok,Bilateral,40.5,30.5,71,3
Patwin,Patrilineal,50.5,30.5,81,3
Western Mono,Patrilineal,50.5,30.5,81,3
Southern Valley Yokuts,Patrilineal,50.5,20.5,71,3
Wukchumni,Patrilineal,40.5,30.5,71,3
Salinan,Patrilineal,50.5,30.5,81,3
Kawaiisu,Bilateral,50.5,30.5,81,3
Chumash,Patrilineal,40.5,10.5,51,2
Tongva,Patrilineal,40.5,20.5,61,2
Northern Foothill Yokuts,Patrilineal,40.5,30.5,71,3
Kerewe,Patrilineal,2.5,2.5,5,1
Serrano,Patrilineal,60.5,40.5,100,3
Cahuilla,Patrilineal,60.5,40.5,100,3
Cupeño,Patrilineal,60.5,40.5,100,3
Luiseño,Patrilineal,60.5,20.5,81,3
Kiliwa,Patrilineal,40.5,30.5,71,3
Atsugewi,Bilateral,40.5,30.5,71,3
Central Sierra Miwok,Patrilineal,60.5,30.5,91,3
Kumeyaay,Patrilineal,50.5,40.5,91,3
Yuki,Bilateral,40.5,30.5,71,3
Klamath,Bilateral,30.5,20.5,51,2
Konjo,Patrilineal,2.5,10.5,13,1
Modoc,Bilateral,50.5,30.5,81,3
Tenino,Bilateral,30.5,20.5,51,2
Nlaka'pamux,Bilateral,20.5,30.5,51,2
Shuswap,Bilateral,30.5,30.5,61,2
Bitterroot Salish,Bilateral,30.5,40.5,71,3
Kalispel,Bilateral,30.5,40.5,71,3
Coeur d’Alene,Bilateral,30.5,40.5,71,3
Sinkaitk,Bilateral,30.5,30.5,61,2
Wenatchi,Bilateral,30.5,30.5,61,2
Klikitat,Bilateral,30.5,30.5,61,2
Nyankole,Bilateral,2.5,10.5,13,1
Wishram,Bilateral,30.5,20.5,51,2
Umatilla,Bilateral,30.5,30.5,61,2
Southern Ute,Bilateral,30.5,60.5,91,3
Nez Perce,Bilateral,30.5,30.5,61,2
Tagotoka,Bilateral,40.5,30.5,71,3
Wadadokado,Bilateral,50.5,30.5,81,3
Atsakudokwa,Bilateral,50.5,30.5,81,3
Kidutokado,Bilateral,40.5,40.5,81,3
Sawakudokwa,Bilateral,50.5,30.5,81,3
Soga,Patrilineal,2.5,2.5,5,1
Kuyuidokado,Bilateral,50.5,20.5,71,3
Toedokado,Bilateral,60.5,30.5,91,3
Tunava,Bilateral,60.5,30.5,91,3
Eastern Mono,Bilateral,50.5,40.5,91,3
Koso,Bilateral,60.5,30.5,91,3
Tümpisa Shoshone,Bilateral,60.5,40.5,100,3
Beatty,Bilateral,80.5,20.5,100,3
Lida Shoshoni,Bilateral,60.5,40.5,100,3
Mahaguaduka,Bilateral,60.5,30.5,91,3
Sumbwa,Patrilineal,2.5,10.5,13,1
Wiyambituka,Bilateral,70.5,30.5,100,3
Railroad Valley Shoshoni,Bilateral,70.5,30.5,100,3
Ely Shoshoni,Bilateral,60.5,30.5,91,3
Sanpoil,Bilateral,30.5,20.5,51,2
Tubaduka,Bilateral,60.5,30.5,91,3
Wadaduka,Bilateral,60.5,30.5,91,3
Elko Shoshoni,Bilateral,50.5,20.5,71,3
White Knife Shoshoni,Bilateral,50.5,40.5,91,3
Yahanduka,Bilateral,30.5,20.5,51,2
Toro,Patrilineal,2.5,2.5,5,1
Bohogue,Bilateral,30.5,50.5,81,3
Tukudika,Bilateral,30.5,40.5,71,3
Agaiduka,Bilateral,30.5,30.5,61,2
Gosiute,Bilateral,50.5,40.5,91,3
Antarianunts,Bilateral,50.5,30.5,81,3
Hukundika,Bilateral,50.5,30.5,81,3
Panguitch,Bilateral,60.5,30.5,91,3
Moapa,Bilateral,60.5,40.5,100,3
Shivwits,Bilateral,50.5,40.5,91,3
Southern Paiute,Bilateral,70.5,30.5,100,3
Southern Paiute,Bilateral,60.5,30.5,91,3
Zinza,Patrilineal,2.5,2.5,5,1
Chemehuevi,Bilateral,60.5,30.5,91,3
San Juan,Bilateral,50.5,30.5,81,3
Pahvant,Bilateral,30.5,50.5,81,3
Uintah Ute,Bilateral,30.5,40.5,71,3
Moanunts,Bilateral,30.5,50.5,81,3
Washo,Bilateral,40.5,30.5,71,3
Moache,Bilateral,40.5,50.5,91,3
Taviwatsiu,Bilateral,30.5,50.5,81,3
Uncompahgre Ute,Bilateral,40.5,50.5,91,3
Xhosa,Patrilineal,10.5,10.5,21,1
Mbugwe,Bilateral,2.5,20.5,23,1
Bannock,Bilateral,30.5,50.5,81,3
Wind River Eastern Shoshone,Bilateral,30.5,50.5,81,3
Hualapai,Bilateral,60.5,40.5,100,3
Yavapai,Bilateral,60.5,40.5,100,3
Tolkepaya,Bilateral,60.5,30.5,91,3
Kutenai,Bilateral,30.5,30.5,61,2
Chilcotin,Bilateral,20.5,30.5,51,2
Lillooet,Bilateral,20.5,30.5,51,2
Gros Ventre,Bilateral,20.5,80.5,100,3
Arikara,Bilateral,2.5,30.5,33,1
Kaguru,Matrilineal,2.5,10.5,13,1
Assiniboine,Bilateral,20.5,70.5,91,3
Blackfoot,Bilateral,20.5,80.5,100,3
Kainai,Bilateral,20.5,80.5,100,3
Bungi,Patrilineal,20.5,60.5,81,3
Hidatsa,Matrilineal,10.5,20.5,31,1
Karankawa,Bilateral,30.5,30.5,61,2
Kiowa,Bilateral,10.5,93,100,3
Piegan,Bilateral,20.5,80.5,100,3
Plains Cree,Bilateral,20.5,60.5,81,3
Kiowa Apache,Bilateral,20.5,80.5,100,3
Ngulu,Matrilineal,2.5,10.5,13,1
Santee,Bilateral,10.5,70.5,81,3
Coahuilteco,Bilateral,40.5,50.5,91,3
Comanche,Bilateral,10.5,93,100,3
Crow,Matrilineal,20.5,80.5,100,3
Cheyenne,Bilateral,20.5,80.5,100,3
Mandan,Matrilineal,2.5,30.5,33,1
Sarcee,Bilateral,20.5,80.5,100,3
Teton,Bilateral,10.5,93,100,3
Arapaho,Bilateral,20.5,80.5,100,3
Nyakyusa,Bilateral,2.5,10.5,13,1
Iowa,Patrilineal,2.5,50.5,53,2
Otoe,Patrilineal,2.5,50.5,53,2
Ponca,Patrilineal,20.5,40.5,61,2
Shawnee,Patrilineal,10.5,40.5,51,2
Caddo,Bilateral,20.5,20.5,41,2
Kickapoo,Patrilineal,20.5,40.5,61,2
Ho Chunk,Patrilineal,20.5,30.5,51,2
Omaha,Patrilineal,10.5,40.5,51,2
Myaamia,Patrilineal,20.5,30.5,51,2
Wichita,Bilateral,10.5,40.5,51,2
Ganda,Patrilineal,2.5,10.5,13,1
Pawnee,Matrilineal,10.5,40.5,51,2
Fox,Bilateral,10.5,40.5,51,2
Hasinai,Bilateral,10.5,30.5,41,2
Menominee,Patrilineal,40.5,20.5,61,2
Huron,Matrilineal,10.5,10.5,21,1
Seneca,Bilateral,10.5,30.5,41,2
Yuchi,Matrilineal,10.5,10.5,21,1
Choctaw,Matrilineal,20.5,20.5,41,2
Abenaki,Bilateral,10.5,40.5,51,2
Chickasaw,Matrilineal,2.5,30.5,33,1
Hehe,Patrilineal,2.5,10.5,13,1
Chitimacha,Bilateral,20.5,20.5,41,2
Muscogee,Matrilineal,20.5,20.5,41,2
Penobscot,Bilateral,20.5,40.5,61,2
Cherokee,Matrilineal,10.5,20.5,31,1
Delaware,Matrilineal,20.5,20.5,41,2
Natchez,Bilateral,2.5,30.5,33,1
Timucua,Matrilineal,20.5,20.5,41,2
Catawba,Bilateral,2.5,10.5,13,1
Chiricahua,Bilateral,60.5,40.5,100,3
Gisu,Patrilineal,2.5,10.5,13,1
Isleta,Bilateral,10.5,10.5,21,1
San Ildefonso,Bilateral,2.5,10.5,13,1
Santa Ana,Matrilineal,10.5,10.5,21,1
Acoma,Matrilineal,10.5,10.5,21,1
Laguna,Matrilineal,10.5,10.5,21,1
Mescalero,Bilateral,40.5,40.5,81,3
Jicarilla,Bilateral,30.5,40.5,71,3
Western Apache,Matrilineal,30.5,40.5,71,3
Hopi,Matrilineal,10.5,10.5,21,1
Cocopa,Patrilineal,20.5,20.5,41,2
Amba,Patrilineal,10.5,10.5,21,1
Hano,Matrilineal,2.5,2.5,5,1
Kamia,Patrilineal,20.5,20.5,41,2
Mojave,Patrilineal,30.5,20.5,51,2
Quechan,Patrilineal,20.5,10.5,31,1
Kewyipaya,Matrilineal,60.5,30.5,91,3
Lipan Apache,Bilateral,60.5,40.5,100,3
Sia,Matrilineal,2.5,10.5,13,1
Santa Clara,Bilateral,2.5,10.5,13,1
Kewa,Matrilineal,2.5,10.5,13,1
Navajo,Matrilineal,20.5,10.5,31,1
Banyaruanda,Patrilineal,2.5,10.5,13,1
Zuni,Matrilineal,10.5,10.5,21,1
Maricopa,Patrilineal,40.5,10.5,51,2
Taos,Bilateral,2.5,20.5,23,1
Cochiti,Matrilineal,2.5,20.5,23,1
Jemez,Matrilineal,10.5,20.5,31,1
Picuris,Bilateral,2.5,20.5,23,1
Tarahumara,Bilateral,10.5,10.5,21,1
Tohono O'odham,Bilateral,30.5,20.5,51,2
Huichol,Bilateral,10.5,20.5,31,1
Seri,Bilateral,20.5,20.5,41,2
Songola,Patrilineal,10.5,20.5,31,1
Chichimeca,Bilateral,50.5,40.5,91,3
Pima,Bilateral,30.5,10.5,41,2
Yaqui,Bilateral,20.5,10.5,31,1
Opata,Bilateral,20.5,20.5,41,2
Tepehuán,Bilateral,2.5,20.5,23,1
Chinantec,Bilateral,2.5,2.5,5,1
Zapotec,Bilateral,2.5,2.5,5,1
Huastec,Bilateral,2.5,20.5,23,1
Mixtec,Bilateral,2.5,2.5,5,1
Otomí,Bilateral,2.5,10.5,13,1
Zulu,Patrilineal,2.5,10.5,13,1
Duala,Patrilineal,2.5,2.5,5,1
Tequistlatec,Patrilineal,2.5,10.5,13,1
Aztec,Bilateral,2.5,10.5,13,1
Sierra Popoluca,Bilateral,2.5,10.5,13,1
Totonac,Bilateral,10.5,10.5,21,1
Mazateco,Bilateral,2.5,2.5,5,1
Huave,Bilateral,2.5,2.5,5,1
Mixe,Bilateral,2.5,10.5,13,1
Tarasco,Bilateral,2.5,10.5,13,1
Tlaxcalans,Patrilineal,2.5,2.5,5,1
Guna,Bilateral,2.5,10.5,13,1
Bashi,Patrilineal,2.5,2.5,5,1
Lacandon,Patrilineal,2.5,20.5,23,1
Kaqchikel,Patrilineal,2.5,10.5,13,1
Lenca,Bilateral,10.5,10.5,21,1
K'iche',Patrilineal,2.5,2.5,5,1
Ngäbe,Matrilineal,20.5,20.5,41,2
Tolupan,Bilateral,2.5,10.5,13,1
Poqomam,Patrilineal,2.5,2.5,5,1
Tzeltal,Patrilineal,2.5,2.5,5,1
Ch'orti',Bilateral,2.5,10.5,13,1
Ha,Patrilineal,2.5,2.5,5,1
Emberá,Bilateral,10.5,20.5,31,1
Bribri,Matrilineal,10.5,10.5,21,1
Yucatec Maya,Patrilineal,2.5,10.5,13,1
Garifuna,Bilateral,2.5,10.5,13,1
Mam,Patrilineal,2.5,2.5,5,1
Miskito,Bilateral,30.5,20.5,51,2
Callinago,Matrilineal,2.5,10.5,13,1
Cágaba,Bilateral,2.5,2.5,5,1
Cariña,Bilateral,2.5,10.5,13,1
Hunde,Patrilineal,2.5,10.5,13,1
Paraujano,Bilateral,30.5,10.5,41,2
Wayuu,Matrilineal,2.5,10.5,13,1
Yupa,Bilateral,30.5,10.5,41,2
Haitians,Bilateral,2.5,2.5,5,1
Warao,Bilateral,40.5,30.5,71,3
Lokono,Matrilineal,10.5,10.5,21,1
Camaracoto,Bilateral,2.5,20.5,23,1
Macushi,Bilateral,10.5,20.5,31,1
Panare,Bilateral,2.5,30.5,33,1
Lulua,Patrilineal,2.5,10.5,13,1
Rucuyen,Bilateral,10.5,20.5,31,1
Taulípang,Bilateral,10.5,20.5,31,1
Ye'kuana,Bilateral,20.5,30.5,51,2
Piapoco,Bilateral,2.5,20.5,23,1
Ndyuka,Matrilineal,2.5,10.5,13,1
Pumé,Bilateral,20.5,20.5,41,2
Guahibo,Bilateral,10.5,30.5,41,2
Wapishana,Bilateral,20.5,20.5,41,2
Saramaccan,Matrilineal,10.5,20.5,31,1
Rega,Patrilineal,2.5,20.5,23,1
Yabarana,Bilateral,10.5,30.5,41,2
Piaroa,Bilateral,20.5,40.5,61,2
Curripaco,Bilateral,2.5,20.5,23,1
Munduruku,Patrilineal,10.5,30.5,41,2
Tapirapé,Bilateral,10.5,10.5,21,1
Palikur,Patrilineal,2.5,20.5,23,1
Guaica,Bilateral,20.5,30.5,51,2
Sateré Mawé,Patrilineal,10.5,20.5,31,1
Shiriana,Bilateral,30.5,40.5,71,3
Wai-wai,Bilateral,10.5,20.5,31,1
Songye,Patrilineal,2.5,10.5,13,1
Sanema,Bilateral,30.5,40.5,71,3
Yanomami,Bilateral,10.5,2.5,13,1
Sirionó,Bilateral,30.5,50.5,81,3
Cocama,Patrilineal,2.5,10.5,13,1
Chácobo,Bilateral,20.5,20.5,41,2
Tucano,Patrilineal,2.5,20.5,23,1
Ticuna,Patrilineal,10.5,10.5,21,1
Shuar,Bilateral,10.5,20.5,31,1
Yagua,Patrilineal,2.5,50.5,53,2
Cubeo,Patrilineal,10.5,10.5,21,1
Garanganze,Patrilineal,2.5,20.5,23,1
Witoto,Patrilineal,20.5,20.5,41,2
Camba,Bilateral,2.5,10.5,13,1
Amahuaca,Bilateral,2.5,40.5,43,2
Shipibo-Conibo,Bilateral,10.5,20.5,31,1
Inca,Bilateral,2.5,10.5,13,1
Aymara,Patrilineal,2.5,2.5,5,1
Chachi,Bilateral,10.5,10.5,21,1
U'wa,Bilateral,10.5,10.5,21,1
Páez,Bilateral,10.5,10.5,21,1
Muisca,Bilateral,2.5,10.5,13,1
Kpe,Bilateral,2.5,10.5,13,1
Asháninka,Bilateral,2.5,30.5,33,1
Piro,Bilateral,2.5,20.5,23,1
Uru,Bilateral,2.5,10.5,13,1
Yahgan,Bilateral,10.5,20.5,31,1
Mapuche,Patrilineal,10.5,2.5,13,1
Ona,Bilateral,10.5,60.5,71,3
Tehuelche,Bilateral,20.5,70.5,91,3
Alacaluf,Bilateral,10.5,20.5,31,1
Wichí,Bilateral,20.5,20.5,41,2
Terena,Bilateral,20.5,10.5,31,1
Ekonda,Patrilineal,2.5,2.5,5,1
Abipón,Bilateral,20.5,60.5,81,3
Kadiwéu,Bilateral,2.5,40.5,43,2
Choroti,Bilateral,40.5,30.5,71,3
Chamacoco,Bilateral,60.5,40.5,100,3
Guaraní,Bilateral,10.5,10.5,21,1
Toba,Bilateral,20.5,30.5,51,2
Lengua,Bilateral,20.5,50.5,71,3
Bororo,Matrilineal,40.5,50.5,91,3
Kuikuru,Bilateral,10.5,2.5,13,1
Kela,Patrilineal,2.5,40.5,43,2
Nambikwara,Bilateral,40.5,30.5,71,3
Kamayurá,Bilateral,20.5,10.5,31,1
Guató,Bilateral,40.5,20.5,61,2
Paresi,Bilateral,20.5,20.5,41,2
Umotina,Bilateral,20.5,20.5,41,2
Aweti,Bilateral,20.5,20.5,41,2
Carajá,Bilateral,20.5,20.5,41,2
Cayua,Bilateral,20.5,20.5,41,2
Shavante,Patrilineal,40.5,30.5,71,3
Kutsu,Patrilineal,2.5,20.5,23,1
Sherente,Patrilineal,20.5,30.5,51,2
Aweikoma,Bilateral,40.5,60.5,100,3
Canela,Matrilineal,20.5,30.5,51,2
Aimoré,Bilateral,50.5,40.5,91,3
Tenetehara,Bilateral,10.5,20.5,31,1
Tupinambá,Bilateral,20.5,20.5,41,2
Kayapo,Bilateral,10.5,20.5,31,1
Lalia,Patrilineal,2.5,10.5,13,1
Mongo,Patrilineal,10.5,10.5,21,1
Tetela,Patrilineal,2.5,10.5,13,1
Topoke,Patrilineal,2.5,20.5,23,1
Lokele,Patrilineal,2.5,2.5,5,1
Ngala,Patrilineal,2.5,10.5,13,1
Poto,Patrilineal,2.5,2.5,5,1
Fang,Patrilineal,10.5,10.5,21,1
Lovedu,Patrilineal,10.5,2.5,13,1
Bira,Patrilineal,2.5,2.5,5,1
Budu,Patrilineal,2.5,30.5,33,1
Kumu,Patrilineal,2.5,40.5,43,2
Ndaka Babali,Patrilineal,2.5,10.5,13,1
Plains Bira,Patrilineal,2.5,20.5,23,1
Rumbi,Patrilineal,2.5,10.5,13,1
Bombesa,Patrilineal,2.5,10.5,13,1
Budja,Patrilineal,2.5,2.5,5,1
Ndoko,Matrilineal,2.5,10.5,13,1
Ngombe,Patrilineal,2.5,20.5,23,1
Pedi,Patrilineal,2.5,10.5,13,1
Nkundo,Bilateral,10.5,10.5,21,1
Dzem,Bilateral,2.5,10.5,13,1
Kota,Patrilineal,10.5,20.5,31,1
Ngumba,Patrilineal,2.5,10.5,13,1
Sanga,Patrilineal,2.5,10.5,13,1
Kundu,Patrilineal,2.5,10.5,13,1
Mpongwe,Matrilineal,2.5,10.5,13,1
Puku,Patrilineal,2.5,10.5,13,1
Bafia,Patrilineal,2.5,2.5,5,1
Lenge,Patrilineal,10.5,10.5,21,1
Bali Nyonga,Patrilineal,2.5,20.5,23,1
Bamileke,Patrilineal,2.5,10.5,13,1
Bamum,Patrilineal,2.5,10.5,13,1
Banen,Patrilineal,10.5,10.5,21,1
Fungom,Patrilineal,2.5,10.5,13,1
Koko,Patrilineal,2.5,20.5,23,1
Kom,Matrilineal,2.5,10.5,13,1
Ndob,Patrilineal,2.5,10.5,13,1
Nsaw,Patrilineal,2.5,10.5,13,1
Nsungli,Patrilineal,2.5,10.5,13,1
Ndau,Bilateral,2.5,10.5,13,1
Tikar,Patrilineal,2.5,10.5,13,1
Widikum,Patrilineal,2.5,10.5,13,1
Luba,Patrilineal,10.5,20.5,31,1
Baboa,Patrilineal,2.5,20.5,23,1
Rundi,Patrilineal,2.5,2.5,5,1
Fut,Patrilineal,2.5,10.5,13,1
Fon,Patrilineal,2.5,20.5,23,1
Igbo,Patrilineal,2.5,2.5,5,1
Toma,Patrilineal,2.5,10.5,13,1
Akyem,Matrilineal,2.5,10.5,13,1
Shona,Bilateral,10.5,10.5,21,1
Ebira,Patrilineal,10.5,10.5,21,1
Sherbro,Matrilineal,10.5,2.5,13,1
Kpelle,Patrilineal,10.5,10.5,21,1
Banyang,Patrilineal,2.5,10.5,13,1
Ekoi,Patrilineal,2.5,10.5,13,1
Efik,Patrilineal,2.5,10.5,13,1
Kissi,Patrilineal,2.5,2.5,5,1
Ibibio,Patrilineal,2.5,10.5,13,1
Ijaw,Bilateral,2.5,2.5,5,1
Dorobo,Patrilineal,40.5,60.5,100,3
Ambo,Matrilineal,2.5,10.5,13,1
Itsekiri,Bilateral,10.5,10.5,21,1
Afikpo,Bilateral,10.5,2.5,13,1
Edo,Patrilineal,10.5,10.5,21,1
Isoko,Patrilineal,10.5,2.5,13,1
Kukuruku,Bilateral,2.5,10.5,13,1
Eloyi,Patrilineal,2.5,2.5,5,1
Gbagyi,Patrilineal,10.5,10.5,21,1
Idoma,Patrilineal,2.5,10.5,13,1
Ashanti,Bilateral,2.5,10.5,13,1
Igala,Patrilineal,2.5,10.5,13,1
Swazi,Patrilineal,10.5,10.5,21,1
Koro,Patrilineal,2.5,10.5,13,1
Egba,Patrilineal,2.5,10.5,13,1
Ekiti,Patrilineal,2.5,2.5,5,1
Ife,Patrilineal,2.5,2.5,5,1
Adangme,Bilateral,2.5,10.5,13,1
Ewe,Patrilineal,2.5,10.5,13,1
Buem,Patrilineal,2.5,20.5,23,1
Abron,Matrilineal,2.5,10.5,13,1
Anyi,Matrilineal,2.5,10.5,13,1
Yako,Bilateral,10.5,10.5,21,1
Ngumbi,Matrilineal,2.5,10.5,13,1
Assini,Matrilineal,2.5,10.5,13,1
Fante,Bilateral,2.5,10.5,13,1
Ga,Patrilineal,2.5,10.5,13,1
Alagya,Matrilineal,2.5,10.5,13,1
Avikam,Matrilineal,2.5,10.5,13,1
Bakwe,Patrilineal,2.5,10.5,13,1
Krahn,Patrilineal,2.5,10.5,13,1
Kru,Patrilineal,2.5,2.5,5,1
Sapo,Patrilineal,2.5,10.5,13,1
Kisama,Patrilineal,10.5,20.5,31,1
Mende,Patrilineal,10.5,2.5,13,1
Dan,Patrilineal,10.5,10.5,21,1
Gagu,Patrilineal,10.5,30.5,41,2
Guro,Patrilineal,10.5,20.5,31,1
Tura,Patrilineal,10.5,2.5,13,1
Gbande,Patrilineal,2.5,10.5,13,1
Gola,Patrilineal,2.5,10.5,13,1
Ngere,Patrilineal,2.5,2.5,5,1
Temne,Patrilineal,2.5,2.5,5,1
Vai,Patrilineal,10.5,2.5,13,1
Bomvana,Patrilineal,2.5,2.5,5,1
Oyo Yoruba,Bilateral,2.5,2.5,5,1
Bete,Patrilineal,2.5,10.5,13,1
Nupe,Patrilineal,10.5,2.5,13,1
Baule,Matrilineal,2.5,10.5,13,1
Bambara,Patrilineal,20.5,2.5,23,1
Konkomba,Patrilineal,10.5,10.5,21,1
Lobi,Matrilineal,20.5,10.5,31,1
Nankanse,Bilateral,2.5,10.5,13,1
Kasena,Patrilineal,10.5,10.5,21,1
Baga,Patrilineal,10.5,10.5,21,1
Chopi,Patrilineal,2.5,10.5,13,1
Balanta,Patrilineal,2.5,10.5,13,1
Banyun,Patrilineal,2.5,2.5,5,1
Biafada,Patrilineal,10.5,2.5,13,1
Bijogo,Matrilineal,10.5,2.5,13,1
Diola,Patrilineal,10.5,2.5,13,1
Mossi,Patrilineal,10.5,2.5,13,1
Papel,Patrilineal,2.5,2.5,5,1
Bassari,Matrilineal,10.5,10.5,21,1
Serer,Bilateral,10.5,2.5,13,1
Kasonke,Patrilineal,10.5,2.5,13,1
Lozi,Bilateral,10.5,20.5,31,1
Koranko,Patrilineal,2.5,10.5,13,1
Soninke,Patrilineal,10.5,2.5,13,1
Susu,Patrilineal,2.5,10.5,13,1
Diula,Patrilineal,10.5,10.5,21,1
Samo,Patrilineal,10.5,10.5,21,1
Dogon,Patrilineal,20.5,2.5,23,1
Bobo,Patrilineal,2.5,10.5,13,1
Minianka,Patrilineal,10.5,10.5,21,1
Senufo,Patrilineal,20.5,2.5,23,1
Tsonga,Patrilineal,2.5,10.5,13,1
Dorosie,Matrilineal,10.5,2.5,13,1
Kulango,Matrilineal,10.5,10.5,21,1
Lowiili,Bilateral,10.5,2.5,13,1
Awuna,Patrilineal,2.5,10.5,13,1
Builsa,Bilateral,2.5,2.5,5,1
Dagara,Bilateral,2.5,2.5,5,1
Tallensi,Bilateral,10.5,2.5,13,1
Isala,Bilateral,2.5,10.5,13,1
Kusasi,Bilateral,2.5,2.5,5,1
Mbundu,Bilateral,10.5,10.5,21,1
Nunuma,Patrilineal,10.5,10.5,21,1
Vagala,Patrilineal,2.5,2.5,5,1
Dagomba,Bilateral,2.5,2.5,5,1
Gurma,Patrilineal,2.5,10.5,13,1
Manprusi,Bilateral,2.5,2.5,5,1
Mossi,Patrilineal,10.5,10.5,21,1
Basari,Patrilineal,2.5,10.5,13,1
Kabre,Patrilineal,2.5,10.5,13,1
Birifor,Bilateral,10.5,10.5,21,1
Moba,Patrilineal,2.5,10.5,13,1
Venda,Bilateral,10.5,10.5,21,1
Somba,Patrilineal,2.5,2.5,5,1
Tem,Patrilineal,2.5,10.5,13,1
Bisa,Patrilineal,10.5,10.5,21,1
Yalunka,Patrilineal,2.5,2.5,5,1
Futajalonke,Patrilineal,2.5,2.5,5,1
Bozo,Patrilineal,10.5,2.5,13,1
Coniagui,Matrilineal,20.5,10.5,31,1
Malinke,Patrilineal,10.5,10.5,21,1
Katab,Patrilineal,20.5,10.5,31,1
Chawai,Patrilineal,2.5,10.5,13,1
Nama,Patrilineal,10.5,30.5,41,2
Nyaneka,Matrilineal,2.5,10.5,13,1
Basa,Patrilineal,2.5,10.5,13,1
Basakomo,Patrilineal,2.5,10.5,13,1
Kamuku,Patrilineal,2.5,2.5,5,1
Reshe,Patrilineal,2.5,2.5,5,1
Angas,Patrilineal,10.5,2.5,13,1
Birom,Patrilineal,10.5,2.5,13,1
Burmawa,Patrilineal,10.5,2.5,13,1
Adara,Patrilineal,2.5,10.5,13,1
Jukun,Bilateral,2.5,10.5,13,1
Sotho,Patrilineal,10.5,10.5,21,1
Kagoro,Patrilineal,2.5,10.5,13,1
Kurama,Patrilineal,10.5,10.5,21,1
Jibu,Bilateral,2.5,2.5,5,1
Kentu,Patrilineal,2.5,10.5,13,1
Tigon,Patrilineal,2.5,10.5,13,1
Ndoro,Matrilineal,2.5,10.5,13,1
Zuande,Patrilineal,2.5,10.5,13,1
Chamba,Bilateral,2.5,10.5,13,1
Daka,Matrilineal,2.5,2.5,5,1
Ndebele,Patrilineal,2.5,10.5,13,1
Tiv,Bilateral,10.5,20.5,31,1
Longuda,Matrilineal,2.5,2.5,5,1
Mumuye,Patrilineal,2.5,10.5,13,1
Vere,Bilateral,2.5,2.5,5,1
Yungur,Patrilineal,2.5,10.5,13,1
Bata,Patrilineal,2.5,2.5,5,1
Bura,Patrilineal,2.5,2.5,5,1
Gude,Patrilineal,2.5,2.5,5,1
Hwana,Patrilineal,2.5,2.5,5,1
Kapsiki,Patrilineal,2.5,2.5,5,1
Ila,Bilateral,10.5,2.5,13,1
Podokwo,Patrilineal,2.5,2.5,5,1
Mambila,Bilateral,2.5,2.5,5,1
Margi,Patrilineal,2.5,10.5,13,1
Gure,Matrilineal,10.5,20.5,31,1
Mafa,Patrilineal,2.5,2.5,5,1
Bafute,Patrilineal,10.5,10.5,21,1
Anaguta,Patrilineal,10.5,10.5,21,1
Banda,Patrilineal,2.5,20.5,23,1
Otoro,Patrilineal,2.5,20.5,23,1
Mangbetu,Patrilineal,2.5,20.5,23,1
Chewa,Matrilineal,10.5,20.5,31,1
Fali,Patrilineal,10.5,10.5,21,1
Laka,Patrilineal,2.5,10.5,13,1
Mbum,Patrilineal,2.5,30.5,33,1
Mundang,Patrilineal,2.5,2.5,5,1
Gisiga,Patrilineal,2.5,10.5,13,1
Musgu,Patrilineal,2.5,2.5,5,1
Nyaro,Bilateral,2.5,10.5,13,1
Tupuri,Patrilineal,2.5,2.5,5,1
Luvale,Matrilineal,2.5,10.5,13,1
Bagirmi,Patrilineal,10.5,2.5,13,1
Sara,Patrilineal,2.5,10.5,13,1
Bwaka,Patrilineal,2.5,2.5,5,1
Mandja,Patrilineal,2.5,2.5,5,1
Mbandja,Patrilineal,2.5,10.5,13,1
Ngbandi,Patrilineal,2.5,10.5,13,1
Abarambo,Patrilineal,2.5,20.5,23,1
Popoi,Patrilineal,2.5,20.5,23,1
Lendu,Patrilineal,2.5,10.5,13,1
Azande,Patrilineal,10.5,20.5,31,1
Chokwe,Matrilineal,2.5,30.5,33,1
Lese,Patrilineal,2.5,2.5,5,1
Logo,Patrilineal,2.5,20.5,23,1
Lugbara,Patrilineal,10.5,2.5,13,1
Madi,Patrilineal,2.5,10.5,13,1
Moru,Patrilineal,2.5,20.5,23,1
Bongo,Patrilineal,20.5,10.5,31,1
Jur,Patrilineal,2.5,10.5,13,1
Koalib,Patrilineal,2.5,2.5,5,1
Korongo,Matrilineal,2.5,10.5,13,1
Mesakin,Matrilineal,2.5,10.5,13,1
Tonga,Matrilineal,10.5,2.5,13,1
Ingassana,Bilateral,2.5,10.5,13,1
Moro,Patrilineal,2.5,10.5,13,1
Tira,Patrilineal,2.5,10.5,13,1
Tullishi,Bilateral,2.5,10.5,13,1
Nyimang,Patrilineal,2.5,10.5,13,1
Anuak,Patrilineal,2.5,10.5,13,1
Meban,Patrilineal,2.5,10.5,13,1
Koma,Patrilineal,2.5,10.5,13,1
Mao,Patrilineal,10.5,10.5,21,1
Mamvu,Patrilineal,10.5,10.5,21,1
Bakongo,Matrilineal,10.5,10.5,21,1
Shilluk,Patrilineal,10.5,10.5,21,1
Gbaya,Patrilineal,10.5,10.5,21,1
Dilling,Patrilineal,10.5,10.5,21,1
Masa,Patrilineal,2.5,10.5,13,1
Teso,Patrilineal,2.5,10.5,13,1
Acholi,Patrilineal,10.5,10.5,21,1
Dinka,Patrilineal,2.5,10.5,13,1
Lotuko,Patrilineal,2.5,20.5,23,1
Pojulu,Patrilineal,2.5,10.5,13,1
Kakwa,Patrilineal,2.5,2.5,5,1
Mbala,Matrilineal,10.5,2.5,13,1
Kuku,Patrilineal,2.5,10.5,13,1
Mondari,Patrilineal,2.5,10.5,13,1
Alur,Patrilineal,2.5,10.5,13,1
Bodi,Patrilineal,2.5,20.5,23,1
Didinga,Patrilineal,2.5,20.5,23,1
Maasi,Patrilineal,2.5,10.5,13,1
Suri,Patrilineal,2.5,10.5,13,1
Jie,Patrilineal,2.5,2.5,5,1
Labwor,Patrilineal,2.5,10.5,13,1
Plains Suk,Patrilineal,2.5,10.5,13,1
Bergdama,Bilateral,40.5,30.5,71,3
Mitsogho,Matrilineal,10.5,10.5,21,1
Toposa,Patrilineal,10.5,10.5,21,1
Keyu,Patrilineal,10.5,10.5,21,1
Hill Suk,Patrilineal,2.5,10.5,13,1
Sapei,Patrilineal,2.5,20.5,23,1
Tatoga,Patrilineal,2.5,10.5,13,1
Samburu,Patrilineal,2.5,10.5,13,1
Nuer,Patrilineal,2.5,2.5,5,1
Karamojong,Patrilineal,2.5,2.5,5,1
Pari,Patrilineal,2.5,10.5,13,1
Lango,Patrilineal,2.5,10.5,13,1
Suku,Matrilineal,10.5,20.5,31,1
Turkana,Patrilineal,20.5,10.5,31,1
Luo,Patrilineal,2.5,10.5,13,1
Nandi,Bilateral,2.5,2.5,5,1
Bari,Patrilineal,2.5,10.5,13,1
Kipsigis,Patrilineal,2.5,10.5,13,1
Konso,Patrilineal,2.5,2.5,5,1
Esa,Patrilineal,2.5,2.5,5,1
Arusi,Patrilineal,2.5,10.5,13,1
Gibe,Patrilineal,2.5,10.5,13,1
Macha,Bilateral,2.5,10.5,13,1
Sundi,Matrilineal,10.5,10.5,21,1
Burji,Patrilineal,2.5,10.5,13,1
Darasa,Patrilineal,2.5,10.5,13,1
Sidama,Patrilineal,2.5,10.5,13,1
Tsamai,Patrilineal,2.5,10.5,13,1
Arbore,Patrilineal,2.5,2.5,5,1
Banna,Patrilineal,2.5,10.5,13,1
Somali,Patrilineal,2.5,2.5,5,1
Galab,Patrilineal,2.5,10.5,13,1
Hamar,Patrilineal,2.5,10.5,13,1
Male,Patrilineal,2.5,2.5,5,1
Teke,Matrilineal,2.5,10.5,13,1
Bako,Patrilineal,2.5,2.5,5,1
Dime,Patrilineal,2.5,10.5,13,1
Shangama,Patrilineal,2.5,2.5,5,1
Ubamer,Patrilineal,2.5,2.5,5,1
Anfillo,Patrilineal,10.5,2.5,13,1
Basketo,Patrilineal,2.5,2.5,5,1
Yem,Patrilineal,2.5,2.5,5,1
Tigrinya,Bilateral,2.5,2.5,5,1
Kafa,Patrilineal,10.5,10.5,21,1
Beta Israel,Bilateral,2.5,2.5,5,1
Pende,Matrilineal,10.5,2.5,13,1
Nara,Matrilineal,10.5,2.5,13,1
Kunama,Matrilineal,10.5,10.5,21,1
Ababda,Patrilineal,2.5,10.5,13,1
Amarar,Patrilineal,2.5,2.5,5,1
Beni-Amer,Patrilineal,2.5,10.5,13,1
Tigre,Patrilineal,2.5,2.5,5,1
Jimma,Patrilineal,2.5,2.5,5,1
Iraqw,Bilateral,2.5,2.5,5,1
Baditu,Patrilineal,2.5,2.5,5,1
Yaka,Matrilineal,2.5,20.5,23,1
Dorse,Patrilineal,2.5,2.5,5,1
Shako,Patrilineal,2.5,10.5,13,1
Hadendowa,Patrilineal,10.5,10.5,21,1
Bisharin,Patrilineal,2.5,2.5,5,1
Afar,Patrilineal,10.5,2.5,13,1
Amhara,Bilateral,2.5,2.5,5,1
Gurage,Patrilineal,2.5,2.5,5,1
Goroa,Patrilineal,2.5,2.5,5,1
Maguzawa,Patrilineal,2.5,2.5,5,1
Karekare,Patrilineal,10.5,10.5,21,1
Bunda,Matrilineal,2.5,10.5,13,1
Midobi,Matrilineal,2.5,2.5,5,1
Gimma,Patrilineal,2.5,2.5,5,1
Habbaniya,Patrilineal,10.5,10.5,21,1
Hemat,Patrilineal,2.5,2.5,5,1
Messiria Humr,Patrilineal,2.5,2.5,5,1
Shuwa,Patrilineal,10.5,10.5,21,1
Fur,Matrilineal,2.5,2.5,5,1
Kanembu,Bilateral,2.5,2.5,5,1
Kanuri,Bilateral,10.5,2.5,13,1
Wolof,Bilateral,2.5,2.5,5,1
Dzing,Matrilineal,10.5,20.5,31,1
Zerma,Patrilineal,2.5,2.5,5,1
Djafun,Patrilineal,2.5,2.5,5,1
Liptako,Patrilineal,2.5,2.5,5,1
Tukulor,Patrilineal,2.5,2.5,5,1
Wodaabe Fulani,Patrilineal,2.5,2.5,5,1
Tazarawa,Patrilineal,2.5,2.5,5,1
Zazzagawa Hausa,Patrilineal,10.5,2.5,13,1
Bachama,Patrilineal,2.5,10.5,13,1
Dera,Bilateral,2.5,2.5,5,1
Ngizim,Patrilineal,10.5,2.5,13,1
Lele,Matrilineal,2.5,10.5,13,1
Songhai,Patrilineal,2.5,2.5,5,1
Hasania,Patrilineal,2.5,2.5,5,1
Buduma,Patrilineal,10.5,2.5,13,1
Tera,Patrilineal,2.5,10.5,13,1
Bolewa,Patrilineal,10.5,10.5,21,1
Bororo Fulani,Bilateral,2.5,2.5,5,1
Hausa Kanawa,Patrilineal,10.5,2.5,13,1
Regeibat,Patrilineal,2.5,10.5,13,1
Asben,Matrilineal,10.5,10.5,21,1
Azjer,Matrilineal,10.5,10.5,21,1
Sakata,Matrilineal,2.5,10.5,13,1
Udalan Tuareg,Matrilineal,20.5,2.5,23,1
Daza,Patrilineal,10.5,10.5,21,1
Drawa,Patrilineal,2.5,2.5,5,1
Chaambra,Patrilineal,2.5,10.5,13,1
Delim,Patrilineal,2.5,20.5,23,1
Kunta,Patrilineal,20.5,2.5,23,1
Trarza,Patrilineal,2.5,10.5,13,1
Teda,Patrilineal,20.5,2.5,23,1
Zenaga,Patrilineal,2.5,2.5,5,1
Mbuti,Bilateral,30.5,70.5,100,3
Songo,Matrilineal,10.5,20.5,31,1
Siwans,Patrilineal,2.5,2.5,5,1
Mzab,Patrilineal,2.5,2.5,5,1
Kel Antessar,Matrilineal,2.5,10.5,13,1
Kababish,Patrilineal,2.5,10.5,13,1
Barabish,Patrilineal,2.5,2.5,5,1
Tuareg Ahaggar,Matrilineal,10.5,10.5,21,1
Barabra,Patrilineal,2.5,2.5,5,1
Zekara,Patrilineal,2.5,10.5,13,1
Guanche,Matrilineal,2.5,2.5,5,1
Yanzi,Matrilineal,2.5,20.5,23,1
Algerians,Patrilineal,2.5,2.5,5,1
Hamama,Patrilineal,2.5,2.5,5,1
Hamyan,Patrilineal,2.5,2.5,5,1
Jebala,Patrilineal,2.5,2.5,5,1
Moroccans,Patrilineal,2.5,2.5,5,1
Nail,Patrilineal,2.5,10.5,13,1
Saadi,Patrilineal,2.5,10.5,13,1
Sahel,Patrilineal,2.5,2.5,5,1
Egyptians,Patrilineal,2.5,2.5,5,1
Sanusi,Patrilineal,2.5,2.5,5,1
Luchazi,Matrilineal,2.5,10.5,13,1
Tunisians,Patrilineal,2.5,2.5,5,1
Riffians,Patrilineal,2.5,10.5,13,1
Kabyle,Patrilineal,2.5,2.5,5,1
Shluh,Patrilineal,10.5,2.5,13,1
Ancient Egyptians,Bilateral,2.5,2.5,5,1
Beraber,Patrilineal,2.5,10.5,13,1
Shawiya,Patrilineal,10.5,2.5,13,1
Tekna,Patrilineal,2.5,2.5,5,1
Gheg,Bilateral,2.5,2.5,5,1
Portuguese,Bilateral,2.5,2.5,5,1
Luimbe,Matrilineal,2.5,20.5,23,1
Ancient Romans,Bilateral,2.5,2.5,5,1
French Basques,Bilateral,2.5,2.5,5,1
Neapolitans,Bilateral,2.5,2.5,5,1
Spaniards,Bilateral,2.5,2.5,5,1
Greeks,Bilateral,2.5,2.5,5,1
Spanish Basques,Bilateral,2.5,2.5,5,1
New Englanders,Bilateral,2.5,2.5,5,1
Boers,Bilateral,2.5,10.5,13,1
Tristan da Cunha,Bilateral,10.5,2.5,13,1
Brazilians,Bilateral,2.5,10.5,13,1
Luwa,Matrilineal,2.5,10.5,13,1
French Canadians,Bilateral,2.5,2.5,5,1
Dutch,Bilateral,2.5,2.5,5,1
Icelanders,Bilateral,2.5,20.5,23,1
Irish,Bilateral,2.5,10.5,13,1
Sami,Bilateral,2.5,20.5,23,1
Walloons,Bilateral,2.5,2.5,5,1
Serbs,Patrilineal,2.5,2.5,5,1
Romanians,Bilateral,2.5,2.5,5,1
Russians,Bilateral,2.5,2.5,5,1
Bashkir,Bilateral,2.5,2.5,5,1
Bemba,Bilateral,10.5,10.5,21,1
Besermyan,Bilateral,2.5,2.5,5,1
Chuvash,Bilateral,2.5,2.5,5,1
Erzya Mordvins,Bilateral,2.5,2.5,5,1
Estonians,Bilateral,2.5,2.5,5,1
Gagauz,Bilateral,2.5,2.5,5,1
Ingrians,Bilateral,2.5,2.5,5,1
Karelians,Bilateral,2.5,20.5,23,1
Hutsuls,Bilateral,2.5,10.5,13,1
Kazan tatar,Bilateral,2.5,2.5,5,1
Latvians,Bilateral,2.5,2.5,5,1
Plateau Tonga,Matrilineal,2.5,10.5,13,1
Lithuanian Karaim,Bilateral,2.5,2.5,5,1
Lithuanian Tatar,Bilateral,2.5,2.5,5,1
Livs,Bilateral,2.5,2.5,5,1
Moldovans,Bilateral,2.5,2.5,5,1
Udmurt,Bilateral,2.5,2.5,5,1
Veps,Bilateral,10.5,10.5,21,1
Votes,Bilateral,2.5,2.5,5,1
Czechs,Bilateral,2.5,2.5,5,1
Mari,Bilateral,2.5,2.5,5,1
Bulgarians,Bilateral,2.5,2.5,5,1
Buye,Matrilineal,10.5,10.5,21,1
Byelorussians,Bilateral,2.5,2.5,5,1
Ukranians,Bilateral,2.5,2.5,5,1
Magyar,Bilateral,2.5,2.5,5,1
Lithuanians,Bilateral,2.5,2.5,5,1
Kalmyk,Patrilineal,2.5,10.5,13,1
Armenians,Bilateral,2.5,2.5,5,1
Kurd,Bilateral,2.5,2.5,5,1
Abkhaz,Patrilineal,10.5,2.5,13,1
Khevsur,Patrilineal,2.5,10.5,13,1
Kumyk,Bilateral,2.5,2.5,5,1
Kaonde,Matrilineal,2.5,30.5,33,1
Cherkess,Patrilineal,2.5,10.5,13,1
Turks,Patrilineal,2.5,2.5,5,1
Ossetians,Patrilineal,2.5,10.5,13,1
Chechen,Patrilineal,2.5,2.5,5,1
Svan,Patrilineal,2.5,10.5,13,1
Syrians,Patrilineal,2.5,2.5,5,1
Madan,Patrilineal,20.5,2.5,23,1
Rwala,Bilateral,10.5,10.5,21,1
Hebrews,Patrilineal,2.5,20.5,23,1
Lala,Matrilineal,2.5,10.5,13,1
Babylonians,Bilateral,2.5,2.5,5,1
Mutair,Patrilineal,2.5,10.5,13,1
Jordanians,Patrilineal,2.5,2.5,5,1
Lebanese,Patrilineal,2.5,2.5,5,1
Druze,Patrilineal,2.5,2.5,5,1
Yemeni,Patrilineal,2.5,2.5,5,1
Sindhi,Patrilineal,2.5,2.5,5,1
Marri,Patrilineal,10.5,2.5,13,1
Ghilzai,Patrilineal,2.5,2.5,5,1
Qashqui,Patrilineal,2.5,10.5,13,1
Sandawe,Patrilineal,10.5,10.5,21,1
Luapula,Matrilineal,2.5,10.5,13,1
Punjabi,Patrilineal,2.5,2.5,5,1
Yusufzai,Bilateral,2.5,2.5,5,1
Hazara,Patrilineal,2.5,2.5,5,1
Kohistani,Patrilineal,10.5,10.5,21,1
Nuristani,Patrilineal,2.5,10.5,13,1
Basseri,Patrilineal,2.5,10.5,13,1
Moghol,Patrilineal,2.5,2.5,5,1
Bakhtiari,Patrilineal,2.5,10.5,13,1
Iranians,Patrilineal,2.5,2.5,5,1
Kazakh,Patrilineal,2.5,10.5,13,1
Shila,Matrilineal,2.5,10.5,13,1
Tu,Patrilineal,2.5,2.5,5,1
Khalka,Bilateral,2.5,10.5,13,1
Dagur,Patrilineal,2.5,10.5,13,1
Turkmen,Patrilineal,2.5,2.5,5,1
Buryat,Patrilineal,2.5,20.5,23,1
Chahar,Patrilineal,2.5,10.5,13,1
Uzbek,Patrilineal,2.5,10.5,13,1
Nivkh,Patrilineal,20.5,30.5,51,2
Ob Ostyak,Patrilineal,2.5,30.5,33,1
Selkup,Patrilineal,2.5,20.5,23,1
Tumbuka,Patrilineal,2.5,20.5,23,1
Itelmen,Bilateral,30.5,20.5,51,2
Ungazikmit,Bilateral,10.5,20.5,31,1
Mansi,Bilateral,20.5,30.5,51,2
Evenk,Patrilineal,20.5,50.5,71,3
Negidal,Patrilineal,20.5,30.5,51,2
Ulch,Patrilineal,20.5,30.5,51,2
Orok,Patrilineal,20.5,30.5,51,2
Yakut,Patrilineal,10.5,20.5,31,1
Oroch,Patrilineal,20.5,30.5,51,2
Kunda,Matrilineal,10.5,10.5,21,1
Udihe,Patrilineal,20.5,40.5,61,2
Chukchi,Bilateral,2.5,20.5,23,1
Yurak-Samoyeds,Patrilineal,2.5,30.5,33,1
Koryak,Bilateral,10.5,10.5,21,1
Yukaghir,Bilateral,10.5,50.5,61,2
Ainu,Matrilineal,20.5,30.5,51,2
Ket,Patrilineal,2.5,30.5,33,1
Nanai,Patrilineal,2.5,30.5,33,1
Koreans,Patrilineal,2.5,2.5,5,1
Shantung,Patrilineal,2.5,2.5,5,1
Nyanja,Matrilineal,2.5,10.5,13,1
Ishigakians,Patrilineal,2.5,2.5,5,1
Man,Patrilineal,2.5,10.5,13,1
Miyakans,Bilateral,2.5,2.5,5,1
Chekiang,Patrilineal,2.5,2.5,5,1
Cantonese,Patrilineal,2.5,2.5,5,1
Lolo,Patrilineal,2.5,10.5,13,1
Manchu,Patrilineal,2.5,2.5,5,1
Miao,Bilateral,2.5,10.5,13,1
Japanese,Bilateral,2.5,2.5,5,1
Min Chinese,Patrilineal,2.5,2.5,5,1
Nyasa,Matrilineal,2.5,2.5,5,1
Okinawans,Bilateral,2.5,2.5,5,1
Minchia,Patrilineal,2.5,2.5,5,1
Li,Patrilineal,2.5,10.5,13,1
Adi,Patrilineal,2.5,20.5,23,1
Burusho,Patrilineal,2.5,2.5,5,1
Lepcha,Patrilineal,2.5,10.5,13,1
Tibetans,Patrilineal,2.5,2.5,5,1
Shina,Patrilineal,2.5,10.5,13,1
Sherpa,Patrilineal,2.5,2.5,5,1
Kachari,Patrilineal,2.5,10.5,13,1
Kuba,Matrilineal,2.5,10.5,13,1
Magar,Patrilineal,2.5,2.5,5,1
Santal,Patrilineal,2.5,10.5,13,1
Bihari,Patrilineal,2.5,2.5,5,1
Uttar Pradesh,Bilateral,2.5,2.5,5,1
Bengali,Bilateral,2.5,2.5,5,1
Indo-Iranian,Bilateral,2.5,10.5,13,1
Ho,Patrilineal,2.5,10.5,13,1
Bhil,Patrilineal,10.5,10.5,21,1
Kurukh,Patrilineal,2.5,2.5,5,1
Pahari,Bilateral,2.5,2.5,5,1
Sena,Matrilineal,10.5,10.5,21,1
Kashmiri,Patrilineal,10.5,2.5,13,1
Gujarati,Patrilineal,2.5,2.5,5,1
Chenchu,Patrilineal,80.5,10.5,91,3
Telugu,Patrilineal,2.5,2.5,5,1
Koya,Patrilineal,10.5,2.5,13,1
Khond,Patrilineal,2.5,2.5,5,1
Muria Gond,Patrilineal,10.5,20.5,31,1
Reddi,Patrilineal,20.5,2.5,23,1
Tamil,Patrilineal,2.5,2.5,5,1
Madia,Patrilineal,20.5,10.5,31,1
Makonde,Matrilineal,2.5,10.5,13,1
Toda,Bilateral,10.5,2.5,13,1
Kodavas,Patrilineal,2.5,10.5,13,1
Kerala,Matrilineal,2.5,2.5,5,1
Hill Bhuiya,Patrilineal,10.5,10.5,21,1
Kol,Bilateral,10.5,2.5,13,1
Baiga,Patrilineal,10.5,10.5,21,1
Andamanese,Bilateral,40.5,20.5,61,2
Betsileo,Patrilineal,2.5,2.5,5,1
Merina,Bilateral,2.5,2.5,5,1
Tanala,Bilateral,2.5,2.5,5,1
Makua,Matrilineal,2.5,10.5,13,1
Vedda,Matrilineal,40.5,30.5,71,3
Nicobarese,Bilateral,10.5,10.5,21,1
Antandroy,Patrilineal,20.5,2.5,23,1
Sakalava,Patrilineal,2.5,2.5,5,1
Antaisaka,Patrilineal,2.5,2.5,5,1
Garo,Matrilineal,2.5,2.5,5,1
Chakma,Patrilineal,2.5,10.5,13,1
Aimol,Patrilineal,2.5,20.5,23,1
Thado,Patrilineal,2.5,20.5,23,1
Naron,Bilateral,70.5,30.5,100,3
Mambwe,Patrilineal,2.5,10.5,13,1
Angami,Patrilineal,2.5,10.5,13,1
Ao,Patrilineal,2.5,10.5,13,1
Rengma,Patrilineal,2.5,20.5,23,1
Sema,Patrilineal,2.5,10.5,13,1
Karbi,Patrilineal,2.5,20.5,23,1
Palaung,Bilateral,2.5,2.5,5,1
Chin,Patrilineal,2.5,20.5,23,1
Lhota,Patrilineal,10.5,10.5,21,1
Kuki,Patrilineal,2.5,10.5,13,1
Burmese,Bilateral,2.5,2.5,5,1
Lamba,Matrilineal,2.5,20.5,23,1
Maras,Patrilineal,2.5,20.5,23,1
Kachin,Patrilineal,10.5,10.5,21,1
Purum,Patrilineal,2.5,10.5,13,1
Karen,Bilateral,2.5,10.5,13,1
Khasi,Matrilineal,10.5,10.5,21,1
Mogh,Patrilineal,2.5,10.5,13,1
Lamet,Patrilineal,10.5,20.5,31,1
Rade,Matrilineal,2.5,10.5,13,1
Cham,Matrilineal,2.5,2.5,5,1
Lawa,Patrilineal,2.5,2.5,5,1
Ndembu,Matrilineal,2.5,20.5,23,1
Muong,Patrilineal,2.5,10.5,13,1
Senoi,Bilateral,10.5,10.5,21,1
Ancient Khmer,Bilateral,10.5,2.5,13,1
Negri Sembilan,Matrilineal,2.5,2.5,5,1
Mnong Gar,Matrilineal,10.5,2.5,13,1
Semang,Bilateral,40.5,30.5,71,3
Annamese,Patrilineal,2.5,2.5,5,1
Khmer,Bilateral,10.5,2.5,13,1
Moken,Bilateral,10.5,10.5,21,1
Akha,Patrilineal,10.5,20.5,31,1
Yao,Matrilineal,2.5,10.5,13,1
Malays,Bilateral,2.5,2.5,5,1
Thai,Bilateral,2.5,2.5,5,1
Atayal,Bilateral,2.5,20.5,23,1
Bunun,Patrilineal,2.5,30.5,33,1
Puyuma,Bilateral,2.5,10.5,13,1
Sugbuanon,Bilateral,2.5,2.5,5,1
Badjau Tawi-Tawi,Bilateral,2.5,2.5,5,1
Tao,Bilateral,2.5,2.5,5,1
Manobo,Bilateral,10.5,10.5,21,1
Kalinga,Bilateral,2.5,20.5,23,1
Yombe,Matrilineal,2.5,20.5,23,1
Bilaan,Bilateral,2.5,10.5,13,1
Bisayan,Bilateral,2.5,2.5,5,1
Sagada,Bilateral,2.5,2.5,5,1
Ifugao,Bilateral,2.5,20.5,23,1
Subanun,Bilateral,2.5,2.5,5,1
Hanunoo,Bilateral,10.5,2.5,13,1
Paiwan,Bilateral,2.5,20.5,23,1
Tagbanua,Bilateral,2.5,10.5,13,1
Bontok,Bilateral,2.5,10.5,13,1
Ami,Matrilineal,2.5,10.5,13,1
Iban,Bilateral,2.5,2.5,5,1
Javanese,Bilateral,2.5,2.5,5,1
Balinese,Patrilineal,2.5,2.5,5,1
Toba Batak,Patrilineal,2.5,2.5,5,1
Kadazan-Dusun,Bilateral,2.5,10.5,13,1
Minangkabau,Matrilineal,2.5,2.5,5,1
Mentaweians,Bilateral,2.5,10.5,13,1
Anak Dalam,Bilateral,30.5,30.5,61,2
Punan,Bilateral,2.5,10.5,13,1
Macassarese,Bilateral,2.5,2.5,5,1
Bajuni,Patrilineal,2.5,10.5,13,1
Tobelorese,Bilateral,10.5,10.5,21,1
Ambonese,Bilateral,2.5,2.5,5,1
Sumbawanese,Bilateral,2.5,10.5,13,1
Kodi,Bilateral,2.5,2.5,5,1
Alorese,Bilateral,20.5,2.5,23,1
Belu,Matrilineal,2.5,2.5,5,1
Rotinese,Patrilineal,2.5,2.5,5,1
Toradja,Bilateral,2.5,20.5,23,1
Tanimbarese,Patrilineal,10.5,10.5,21,1
Ili-Mandiri,Patrilineal,2.5,10.5,13,1
Shambaa,Patrilineal,2.5,10.5,13,1
Kei,Patrilineal,10.5,10.5,21,1
Sumbanese,Patrilineal,2.5,10.5,13,1
Northern Aranda,Bilateral,60.5,40.5,100,3
Walbiri,Bilateral,60.5,40.5,100,3
Gidjingali,Bilateral,50.5,30.5,81,3
Yir Yoront,Patrilineal,50.5,30.5,81,3
Anindilyagwa,Bilateral,30.5,10.5,41,2
"Yolngu, Dhuwal",Bilateral,50.5,30.5,81,3
Tiwi,Matrilineal,50.5,30.5,81,3
Diyari,Matrilineal,70.5,30.5,100,3
Bena,Bilateral,2.5,10.5,13,1
Kariyarra,Bilateral,30.5,50.5,81,3
Wikmunkan,Patrilineal,40.5,40.5,81,3
Murriny Patha,Patrilineal,70.5,20.5,91,3
Ngiyambaa,Bilateral,30.5,30.5,61,2
Mee,Patrilineal,2.5,10.5,13,1
Motu,Bilateral,10.5,2.5,13,1
Kakoli,Patrilineal,10.5,10.5,21,1
Kwoma,Patrilineal,30.5,20.5,51,2
Kiwai,Patrilineal,10.5,20.5,31,1
Gusii,Patrilineal,2.5,2.5,5,1
Miriam,Patrilineal,2.5,2.5,5,1
Abelam,Patrilineal,20.5,10.5,31,1
Kutubu,Patrilineal,40.5,10.5,51,2
Siane,Patrilineal,10.5,10.5,21,1
Kimam,Bilateral,20.5,10.5,31,1
Marind-Amin,Patrilineal,10.5,20.5,31,1
Wantoat,Bilateral,2.5,20.5,23,1
Koita,Patrilineal,10.5,20.5,31,1
Mailu,Patrilineal,10.5,2.5,13,1
Mekeo,Patrilineal,10.5,10.5,21,1
/Xam,Bilateral,50.5,40.5,91,3
Kiga,Patrilineal,2.5,20.5,23,1
Muju,Patrilineal,10.5,10.5,21,1
Koiari,Patrilineal,10.5,20.5,31,1
Mafulu,Patrilineal,2.5,10.5,13,1
Ngarawapum,Patrilineal,10.5,20.5,31,1
Banaro,Patrilineal,20.5,10.5,31,1
Busama,Bilateral,10.5,10.5,21,1
Manam,Patrilineal,2.5,2.5,5,1
Arapesh,Patrilineal,20.5,10.5,31,1
Mimika,Matrilineal,40.5,10.5,51,2
Fore,Patrilineal,10.5,10.5,21,1
Luguru,Matrilineal,2.5,10.5,13,1
Sio,Bilateral,2.5,10.5,13,1
Soromadja,Patrilineal,60.5,20.5,81,3
Bgu,Bilateral,50.5,20.5,71,3
Iatmul,Patrilineal,2.5,2.5,5,1
Samarokena,Bilateral,50.5,30.5,81,3
Star Mountain,Patrilineal,10.5,20.5,31,1
Dani,Patrilineal,2.5,2.5,5,1
Elema,Patrilineal,30.5,10.5,41,2
Wogeo,Bilateral,20.5,2.5,23,1
Keraki,Patrilineal,2.5,10.5,13,1
Iwa,Patrilineal,2.5,10.5,13,1
Waropen,Patrilineal,30.5,10.5,41,2
Enga,Patrilineal,2.5,10.5,13,1
Purari,Patrilineal,40.5,10.5,51,2
Orokaiva,Patrilineal,10.5,10.5,21,1
Palauans,Bilateral,2.5,2.5,5,1
Nomoians,Matrilineal,2.5,2.5,5,1
Kosraeans,Matrilineal,2.5,2.5,5,1
Bikinians,Matrilineal,2.5,2.5,5,1
Nauruans,Bilateral,2.5,2.5,5,1
Makin,Bilateral,2.5,10.5,13,1
Ngonde,Patrilineal,2.5,10.5,13,1
Carolinians,Matrilineal,2.5,2.5,5,1
Lamotrek,Matrilineal,2.5,2.5,5,1
Marshallese,Matrilineal,10.5,2.5,13,1
Trukese,Bilateral,2.5,2.5,5,1
Majuro,Bilateral,2.5,2.5,5,1
Ifaluk,Bilateral,2.5,2.5,5,1
Ponapeans,Matrilineal,2.5,2.5,5,1
Yapese,Bilateral,2.5,2.5,5,1
Gilbert Onotoa,Bilateral,10.5,2.5,13,1
Chamorro,Bilateral,2.5,2.5,5,1
Safwa,Patrilineal,2.5,10.5,13,1
Ulithians,Matrilineal,2.5,2.5,5,1
Siuai,Matrilineal,20.5,10.5,31,1
Usiai,Bilateral,20.5,2.5,23,1
Rossel Islanders,Matrilineal,30.5,10.5,41,2
Choiseulese,Bilateral,10.5,10.5,21,1
Aua,Matrilineal,2.5,10.5,13,1
Dahuni,Matrilineal,2.5,10.5,13,1
Bakovi,Patrilineal,20.5,10.5,31,1
Bwaidoga,Bilateral,2.5,2.5,5,1
Kombe,Patrilineal,2.5,2.5,5,1
Bende,Patrilineal,2.5,20.5,23,1
Kwaio,Bilateral,2.5,20.5,23,1
Molima,Bilateral,2.5,2.5,5,1
Trobriands,Matrilineal,10.5,2.5,13,1
Kaoka,Matrilineal,2.5,2.5,5,1
Tangu,Matrilineal,2.5,2.5,5,1
Kurtatchi,Bilateral,10.5,10.5,21,1
Lesu,Matrilineal,2.5,10.5,13,1
Dobuans,Matrilineal,2.5,2.5,5,1
Ulawans,Bilateral,2.5,10.5,13,1
Lakalai,Bilateral,20.5,10.5,31,1
Fipa,Patrilineal,2.5,2.5,5,1
Simboese,Bilateral,2.5,2.5,5,1
Manus,Bilateral,2.5,2.5,5,1
Mota,Matrilineal,2.5,2.5,5,1
Tannese,Patrilineal,2.5,2.5,5,1
Epi,Patrilineal,2.5,2.5,5,1
Eromangans,Patrilineal,2.5,2.5,5,1
Ranon,Bilateral,2.5,2.5,5,1
Mbau Fijians,Patrilineal,10.5,2.5,13,1
Seniang,Patrilineal,2.5,10.5,13,1
Bunlap,Bilateral,10.5,2.5,13,1
Nyoro,Patrilineal,2.5,10.5,13,1
Lau,Patrilineal,2.5,2.5,5,1
Ajie,Patrilineal,2.5,2.5,5,1
Rotumans,Bilateral,2.5,2.5,5,1
Lifu,Patrilineal,10.5,2.5,13,1
Vanua Levu,Bilateral,2.5,10.5,13,1
Santa Cruz Islanders,Matrilineal,2.5,10.5,13,1
American Samoans,Bilateral,2.5,2.5,5,1
Rennell Islanders,Bilateral,2.5,2.5,5,1
Tongans,Bilateral,2.5,2.5,5,1
Uveans,Bilateral,2.5,2.5,5,1
Nyamwezi,Bilateral,10.5,10.5,21,1
Upolu Samoans,Bilateral,2.5,2.5,5,1
Tikopia,Bilateral,2.5,2.5,5,1
Pukapukans,Bilateral,2.5,2.5,5,1
Ellice,Bilateral,2.5,2.5,5,1
Ontong Java,Bilateral,2.5,2.5,5,1
Tokelau,Bilateral,2.5,2.5,5,1
Kapingamarangi,Bilateral,2.5,2.5,5,1
Futunans,Bilateral,2.5,2.5,5,1
Niueans,Bilateral,2.5,2.5,5,1
Mangaians,Bilateral,2.5,2.5,5,1
Pimbwe,Patrilineal,2.5,10.5,13,1
Tongarevans,Bilateral,2.5,2.5,5,1
Māori,Bilateral,30.5,10.5,41,2
Marquesans,Bilateral,2.5,2.5,5,1
Manihikians,Bilateral,2.5,2.5,5,1
Raroians,Bilateral,10.5,2.5,13,1
Hawaiians,Bilateral,10.5,2.5,13,1
Mangarevans,Bilateral,2.5,2.5,5,1
Tahitians,Bilateral,2.5,2.5,5,1
Easter Islanders,Bilateral,2.5,10.5,13,1
Hadza,Bilateral,60.5,40.5,100,3
Sukuma,Bilateral,2.5,2.5,5,1
Sangu,Patrilineal,2.5,10.5,13,1
Gogo,Patrilineal,2.5,10.5,13,1
Rangi,Matrilineal,2.5,20.5,23,1
Turu,Patrilineal,2.5,2.5,5,1
Kwere,Matrilineal,2.5,10.5,13,1
Zigula,Matrilineal,2.5,10.5,13,1
Hadimu,Bilateral,2.5,2.5,5,1
Chagga,Patrilineal,2.5,10.5,13,1
Digo,Bilateral,2.5,10.5,13,1
Wadatkuht,Bilateral,60.5,30.5,91,3
Spring Valley Shoshoni,Bilateral,50.5,40.5,91,3